<keymap version="1" name="Visual Studio 2022 copy" parent="Visual Studio 2022">
  <action id="ChangeSignature" />
  <action id="ChangesView.Rename" />
  <action id="CodeCompletion">
    <keyboard-shortcut first-keystroke="ctrl space" />
    <keyboard-shortcut first-keystroke="alt right" />
  </action>
  <action id="EditorToggleShowWhitespaces" />
  <action id="ExtractInterface" />
  <action id="ExtractMethod" />
  <action id="FindNext">
    <keyboard-shortcut first-keystroke="f3" />
  </action>
  <action id="Git.Rename.Local.Branch" />
  <action id="Git.Reword.Commit" />
  <action id="GotoLine" />
  <action id="GotoRow" />
  <action id="IntroduceField" />
  <action id="IntroduceParameter" />
  <action id="OptimizeImports" />
  <action id="RenameElement">
    <keyboard-shortcut first-keystroke="ctrl r" />
  </action>
  <action id="RiderBackendAction-EncapsulateField" />
  <action id="RiderUnitTestRepeatPreviousRunAction">
    <keyboard-shortcut first-keystroke="ctrl u" second-keystroke="u" />
    <keyboard-shortcut first-keystroke="ctrl u" second-keystroke="ctrl u" />
  </action>
  <action id="RiderUnitTestRunContextSplitAction" />
  <action id="RiderUnitTestRunContextTwAction">
    <keyboard-shortcut first-keystroke="shift enter" />
  </action>
  <action id="RiderUnitTestRunSolutionAction">
    <keyboard-shortcut first-keystroke="ctrl u" second-keystroke="l" />
    <keyboard-shortcut first-keystroke="ctrl u" second-keystroke="ctrl l" />
  </action>
  <action id="SafeDelete">
    <keyboard-shortcut first-keystroke="alt delete" />
  </action>
  <action id="SelectAllOccurrences">
    <keyboard-shortcut first-keystroke="ctrl g" />
  </action>
  <action id="SelectNextOccurrence">
    <keyboard-shortcut first-keystroke="ctrl j" />
  </action>
  <action id="ShelvedChanges.Rename" />
  <action id="UsageFiltering.ReadAccess" />
</keymap>