<application>
  <component name="GoogleLoginApplicationSettings">
    <option name="activeUser" value="m.ahal@didata.org" />
    <option name="userEmail2FeaturesStore">
      <map>
        <entry key="m.ahal@didata.org">
          <value>
            <set>
              <option value="GiAS" />
              <option value="Firebase" />
              <option value="Android Vitals" />
              <option value="User Info" />
            </set>
          </value>
        </entry>
      </map>
    </option>
  </component>
</application>