<application>
  <component name="DimensionService">
    <location key="WELCOME_SCREEN.0.0.3024.1964@192dpi" x="1512" y="678" />
    <location key="find.popup.0.0.3024.1964@192dpi" x="1040" y="344" />
    <size key="GridCell.Tab.0.left.0.0.3024.1964@192dpi" width="2860" height="654" />
    <size key="GridCell.Tab.0.center.0.0.3024.1964@192dpi" width="2860" height="654" />
    <size key="GridCell.Tab.0.right.0.0.3024.1964@192dpi" width="2860" height="654" />
    <size key="GridCell.Tab.0.bottom.0.0.3024.1964@192dpi" width="2860" height="654" />
    <size key="GridCell.Tab.1.left.0.0.3024.1964@192dpi" width="2860" height="654" />
    <size key="GridCell.Tab.1.center.0.0.3024.1964@192dpi" width="2860" height="654" />
    <size key="GridCell.Tab.1.right.0.0.3024.1964@192dpi" width="2860" height="654" />
    <size key="GridCell.Tab.1.bottom.0.0.3024.1964@192dpi" width="2860" height="654" />
    <size key="find.popup.0.0.3024.1964@192dpi" width="1286" height="1620" />
  </component>
  <component name="WindowManager">
    <frame x="0" y="38" width="1512" height="944" extendedState="6" />
  </component>
  <component name="WindowStateApplicationService">
    <state x="756" y="461" width="800" height="650" key="WELCOME_SCREEN" timestamp="1754644812304">
      <screen x="0" y="38" width="1512" height="944" />
    </state>
    <state x="756" y="461" width="800" height="650" key="WELCOME_SCREEN/0.38.1512.944" timestamp="1754644812304" />
  </component>
</application>