<keymap version="1" name="Windows copy" parent="$default">
  <action id="InsertLiveTemplate">
    <keyboard-shortcut first-keystroke="ctrl alt j" />
  </action>
  <action id="RenameElement">
    <keyboard-shortcut first-keystroke="ctrl r" />
  </action>
  <action id="Replace" />
  <action id="SelectAllOccurrences">
    <keyboard-shortcut first-keystroke="ctrl g" />
  </action>
  <action id="SelectNextOccurrence">
    <keyboard-shortcut first-keystroke="ctrl j" />
  </action>
  <action id="SurroundWithLiveTemplate" />
  <action id="UsageFiltering.ReadAccess" />
  <action id="ZeppelinMoveCellBelowAction" />
</keymap>